,,,,,,,,,,,,,,,,,
編號,站別,名稱,水權狀號,一月,二月,三月,四月,五月,六月,七月,八月,九月,十月,十一月,十二月,年實取水量(m³),
1 ,卓蘭,苗豐抽水井,K0124239,26.34,801.26,"2,255.95",10.14,0.00,"1,679.18",906.52,,,,,,"5,679.39",
2 ,山腳,泰田抽水井,K0086033,0.00,0.00,0.00,0.00,0.00,0.00,0.00,,,,,,0.00,
3 ,山腳,社柑抽水井,K0086034,302.40,"21,772.80","38,556.00","16,632.00","18,144.00","15,120.00","15,120.00",,,,,,"125,647.20",
4 ,山腳,社南抽水井,K0123393,115.20,"8,294.40","14,688.00","8,064.00","8,064.00","6,336.00","6,336.00",,,,,,"51,897.60",
5 ,山腳,濁一抽水井,K0123725,273.60,"19,699.20","19,836.00","6,566.40","1,094.40","1,094.40","1,094.40",,,,,,"49,658.40",
6 ,山腳,啟心抽水井,K0123768,216.00,"13,608.00","11,232.00","5,184.00",0.00,0.00,0.00,,,,,,"30,240.00",
7 ,山腳,山柑一號抽水井,K1140087,0.00,0.00,0.00,126.00,630.00,"1,008.00","1,008.00",,,,,,"2,772.00",原井報廢，舊址鑿新井，會有新的水權號
8 ,山腳,山柑二號抽水井,K0124362,252.00,"18,144.00","20,160.00","2,016.00","2,646.00","3,024.00","15,120.00",,,,,,"61,362.00",
9 ,山腳,濁水二號抽水井,K1140122,0.00,0.00,0.00,0.00,0.00,331.20,579.60,,,,,,910.80,
10 ,苑裡,新復一號抽水井,K0123688,0.00,"52,963.20","68,852.16","32,881.32","41,487.84","36,853.56",0.00,,,,,,"233,038.08",
11 ,苑裡,新復二號抽水井,K0123786,0.00,"32,832.00","42,681.60","26,265.60","31,600.80","22,845.60",0.00,,,,,,"156,225.60",
12 ,苑裡,田心小組抽水井,K0123766,0.00,"51,408.00","109,368.00","37,548.00","27,720.00","42,084.00",0.00,,,,,,"268,128.00",
13 ,苑裡,田心二號抽水井,K0124420,0.00,"37,233.00","82,026.00","28,161.00","33,264.00","31,563.00",0.00,,,,,,"212,247.00",
14 ,苑裡,西勢支線抽水井,K0123779,0.00,"4,536.00","18,522.00","4,725.00","5,796.00","3,024.00",0.00,,,,,,"36,603.00",
15 ,苑裡,砂埤支線抽水井,K0124485,0.00,"19,440.00","35,820.00","17,280.00","9,900.00","15,030.00",0.00,,,,,,"97,470.00",
16 ,泰安,新店圳一號抽水井,B0130278,"1,915.20","20,793.60","203,558.40","72,504.00","113,270.40","3,830.40",0.00,,,,,,"415,872.00",
17 ,泰安,七公圳一號抽水井,B0130267,"7,934.40","63,475.20","140,904.00","47,332.80","91,929.60","13,132.80",0.00,,,,,,"364,708.80",
18 ,泰安,七公圳二號抽水井,B1040342,"5,726.16","40,256.64","119,121.48","39,736.08","58,302.72","8,328.96",0.00,,,,,,"271,472.04",
19 ,泰安,新店圳二號抽水井,B1140020,0.00,"3,456.00","68,083.20","30,528.00","41,587.20","13,248.00",0.00,,,,,,"156,902.40",
20 ,泰安,新店圳三號抽水井,B1140033,0.00,"3,024.00","59,572.80","26,712.00","36,388.80","11,592.00",0.00,,,,,,"137,289.60",
21 ,屯子腳,內埔圳一號抽水井,B0970028,0.00,0.00,"12,825.00","16,740.00",0.00,0.00,0.00,,,,,,"29,565.00",
22 ,屯子腳,內埔圳二號抽水井,B0970027,0.00,0.00,"10,143.00","4,032.00","3,024.00",0.00,0.00,,,,,,"17,199.00",
23 ,屯子腳,內埔圳二支線一號抽水井,B1070014,0.00,0.00,"6,280.56","8,030.88","5,302.44","4,530.24",0.00,,,,,,"24,144.12",
24 ,屯子腳,內埔圳二支線二號抽水井,B1100760,0.00,0.00,"14,180.40","14,180.40","9,406.80","6,177.60","1,825.20",,,,,,"45,770.40",
25 ,屯子腳,內埔圳梅仔腳溝支線水井,B1140111,0.00,0.00,"5,292.00","12,600.00","10,962.00","4,662.00",0.00,,,,,,"33,516.00",
26 ,磁瑤,后里圳一號抽水井,B0112603,496.80,993.60,248.40,0.00,0.00,331.20,0.00,,,,,,"2,070.00",
27 ,磁瑤,后里圳三號抽水井,B0930053,288.00,"2,073.60","1,728.00",633.60,0.00,0.00,259.20,,,,,,"4,982.40",
28 ,磁瑤,后里圳四號抽水井,B0950059,0.00,0.00,0.00,0.00,0.00,0.00,0.00,,,,,,0.00,
29 ,磁瑤,后里圳七支線二號抽水井,B1070109,"4,032.00","392,889.60","1,497.60",691.20,921.60,0.00,0.00,,,,,,"400,032.00",
30 ,磁瑤,后里圳六支線一號抽水井,B1080127,"4,636.80","4,334.40","2,620.80",604.80,"1,512.00",705.60,0.00,,,,,,"14,414.40",
31 ,磁瑤,后里圳七支線一號抽水井,B1100779,"2,016.00",979.20,748.80,345.60,345.60,0.00,0.00,,,,,,"4,435.20",
32 ,磁瑤,后里圳二號抽水井,B1140109,"1,461.60",501.12,"2,004.48",0.00,0.00,0.00,0.00,,,,,,"3,967.20",
33 ,磁瑤,后里圳七支線三號抽水井,B1140110,"1,749.60","1,166.40","1,049.76",0.00,0.00,0.00,0.00,,,,,,"3,965.76",
34 ,月眉,后里圳幹線抽水井,B1090023,"4,752.00",0.00,"6,652.80","3,564.00","6,652.80","2,257.20",59.40,,,,,,"23,938.20",
35 ,月眉,月眉站舊辦公廳地下水抽水井,B0130304,0.00,0.00,0.00,0.00,0.00,0.00,0.00,,,,,,0.00,
36 ,月眉,后里圳月眉排水補給抽水井,B1070176,"3,672.00","3,672.00","7,344.00","3,672.00","7,344.00","2,448.00",61.20,,,,,,"28,213.20",
37 ,月眉,后里圳三支線上游補給抽水井,B1060117,"10,368.00","6,480.00","11,016.00","3,888.00","10,368.00","3,369.60",64.80,,,,,,"45,554.40",
38 ,月眉,后里圳三支線中游補給抽水井,B1040345,0.00,0.00,0.00,594.00,"4,158.00","1,425.60",59.40,,,,,,"6,237.00",
39 ,月眉,后里圳三支線中游二號抽水井,B1100675,"3,715.20","3,467.52","4,334.40","4,953.60","4,953.60","1,609.92",61.92,,,,,,"23,096.16",
40 ,月眉,后里圳三支線下游補給抽水井,B1030025,"5,184.00","5,760.00","7,603.20","3,456.00","6,912.00","2,304.00",57.60,,,,,,"31,276.80",
41 ,月眉,后里圳三支線下游二號抽水井,B1090151,"4,487.40","2,991.60","6,581.52","3,988.80","4,986.00","1,695.24",49.86,,,,,,"24,780.42",
42 ,月眉,后里圳四支線中下游抽水井,B1050164,0.00,"1,827.36","3,654.72","3,654.72","3,654.72","1,218.24",0.00,,,,,,"14,009.76",
43 ,月眉,后里圳五支線補給抽水井,B1080096,"12,407.04","9,305.28","15,508.80","9,305.28","10,856.16","3,101.76",775.44,,,,,,"61,259.76",
44 ,月眉,后里圳五支線中下游抽水井,B1050034,"4,199.04","4,199.04","5,248.80","4,199.04","4,199.04","1,049.76",524.88,,,,,,"23,619.60",
45 ,月眉,后里圳五支線下游抽水井,B1090135,"4,795.20","6,393.60","7,992.00","6,393.60","6,393.60","1,598.40",799.20,,,,,,"34,365.60",
46 ,月眉,后里圳五支線之一上游補給抽水井,B1070175,"4,544.64","4,544.64","5,680.80","4,544.64","4,544.64","1,136.16",568.08,,,,,,"25,563.60",
47 ,月眉,后里圳五支線之一下游補給抽水井,B1030009,"4,406.40","4,406.40","7,344.00","5,875.20","4,406.40",0.00,0.00,,,,,,"26,438.40",
48 ,月眉,后里圳五支線之一延長線補給抽水井,B1060151,"1,062.72","1,062.72","2,656.80","2,125.44","1,594.08",531.36,265.68,,,,,,"9,298.80",
49 ,月眉,后里圳五支線之一延長線上游抽水井,B1100662,"1,080.00","2,160.00","5,400.00","4,320.00","3,240.00","1,080.00",540.00,,,,,,"17,820.00",
50 ,月眉,后里圳五支線之一延長線下游抽水井,B1090031,967.68,"2,177.28","5,806.08","4,354.56","4,354.56","1,451.52",725.76,,,,,,"19,837.44",
51 ,日南,日南站一號抽水井-日南圳,B0115482,0.00,"96,768.00","107,136.00","103,680.00",0.00,"23,731.20","53,913.60",,,,,,"385,228.80",
52 ,日南,日南站二號抽水井-日南圳,B0110761,-,"83,520.00","93,744.00","90,720.00","133,920.00",-,"67,392.00",,,-,-,-,"469,296.00",
53 ,日南,日南站三號抽水井(深水井)-日南圳,B0990027,0.00,0.00,0.00,0.00,"80,262.00","12,978.00",0.00,,,,,,"93,240.00",
54 ,日南,日南站三號抽水井(淺水井)-日南圳,B0120538,0.00,"83,664.00","92,628.00","89,640.00","125,496.00",0.00,"69,919.20",,,,,,"461,347.20",
55 ,日南,日南站四號抽水井-日南圳,B0115526,-,"128,520.00","113,832.00","110,160.00","227,664.00",-,"71,604.00",,,-,-,-,"651,780.00",
56 ,日南,日南站五號抽水井-日南圳,B1020065,0.00,0.00,"47,628.00","61,236.00","63,277.20",0.00,0.00,,,,,,"172,141.20",
57 ,日南,日南站六號抽水井(深水井)-日南圳,B1000076,0.00,"68,544.00","12,974.40","58,507.20","58,507.20","12,607.20","28,641.60",,,,,,"239,781.60",
58 ,日南,日南站六號抽水井(淺水井)-日南圳,B0117179,0.00,0.00,0.00,0.00,"129,600.00",0.00,0.00,,,,,,"129,600.00",
59 ,日南,日南站六股排水抽水井-日南圳,B1080051,"2,534.40","26,611.20","29,462.40","28,512.00","49,896.00","14,256.00","18,532.80",,,,,,"169,804.80",
60 ,日南,日南站七號抽水井-九張犁圳,B0108729,-,"94,003.20","9,446.40",0.00,"107,136.00","23,731.20","38,016.00",,,,-,-,"272,332.80",
61 ,日南,日南站八號抽水井-日南圳,B1050044,0.00,0.00,0.00,0.00,0.00,0.00,0.00,,,,,,0.00,
62 ,日南,日南站九號抽水井-九張犁圳,B1070150,0.00,"23,708.16","52,496.64","28,425.60","54,432.00","12,458.88","17,902.08",,,,,,"189,423.36",
63 ,日南,日南站十號抽水井-九張犁圳,B1080171,0.00,"58,276.80","76,334.40","73,872.00",0.00,"18,057.60","30,369.60",,,,,,"256,910.40",
64 ,日南,日南站十一號抽水井-九張犁圳,B1090136,0.00,"25,401.60","28,123.20","1,209.60","35,154.00","7,786.80","11,188.80",,,,,,"108,864.00",
65 ,日南,日南站十二號抽水井-日南圳,B1100047,"18,091.80","36,388.80","40,287.60","32,490.00",0.00,"7,045.20","16,963.20",,,,,,"151,266.60",
66 ,日南,日南站十三號抽水井-九張犁圳,B1100087,0.00,"48,484.80","53,679.60","31,435.20","61,938.00","13,719.60","19,713.60",,,,,,"228,970.80",
67 ,日南,日南站十四號抽水井-九張犁圳,B1120077,0.00,"13,127.40",0.00,"44,226.00",0.00,0.00,"20,779.20",,,,,,"78,132.60",
68 ,日南,日南站十五號抽水井-日南圳,B1130014,0.00,"9,979.20","11,048.40","4,435.20","35,640.00",0.00,0.00,,,,,,"61,102.80",
69 ,日南,日南站十六號抽水井-九張犁圳,B1130251,0.00,"19,998.72","22,141.44","21,427.20",0.00,0.00,"17,049.60",,,,,,"80,616.96",
70 ,日南,日南站十七號抽水井-日南圳,B1130250,0.00,"6,930.00","11,718.00","11,340.00","58,590.00","12,978.00","11,718.00",,,,,,"113,274.00",
71 ,日南,日南站十八號抽水井-九張犁圳,B1140139,0.00,"30,335.76","33,586.02","32,502.60",0.00,"17,168.04",0.00,,,,,,"113,592.42",
72 ,大甲,頂店圳一號抽水井,B0118814,0.00,"10,368.00","6,480.00","3,888.00","11,664.00","7,776.00",0.00,,,,,,"40,176.00",
73 ,大甲,頂店圳二號抽水井,B0117178,0.00,"25,920.00","32,400.00","9,072.00","17,496.00","9,720.00",0.00,,,,,,"94,608.00",
74 ,大甲,頂店圳三號抽水井,B0970046,0.00,"1,036.80","24,883.20","10,368.00","7,776.00","6,220.80",0.00,,,,,,"50,284.80",
75 ,大甲,頂店圳四號抽水井,B0990021,0.00,0.00,0.00,0.00,0.00,0.00,0.00,,,,,,0.00,
76 ,大甲,頂店圳五號抽水井,B1020099,0.00,"11,664.00","58,320.00","19,440.00","40,824.00","15,552.00",0.00,,,,,,"145,800.00",
77 ,大甲,頂店圳六號抽水井,B1020119,0.00,0.00,"29,412.00","9,288.00","27,864.00","6,966.00",0.00,,,,,,"73,530.00",
78 ,大甲,頂店圳七號抽水井,B1020100,0.00,0.00,"30,240.00","4,320.00","10,080.00","7,200.00",0.00,,,,,,"51,840.00",
79 ,大甲,頂店圳八號抽水井,B1090091,0.00,"24,998.40","31,248.00","14,842.80","32,810.40","12,499.20",0.00,,,,,,"116,398.80",
80 ,大甲,頂店圳九號抽水井,B1120003,0.00,"6,678.00","30,528.00","9,540.00","22,896.00","13,356.00",0.00,,,,,,"82,998.00",
81 ,大甲,頂店圳十號抽水井,B1150050,0.00,0.00,0.00,0.00,0.00,0.00,0.00,,,,,,0.00,
82 ,大甲,頂店圳十一號抽水井,B1150051,0.00,0.00,0.00,0.00,0.00,0.00,0.00,,,,,,0.00,
83 ,大甲,頂店圳十二號抽水井,B1150052,0.00,0.00,0.00,0.00,0.00,0.00,0.00,,,,,,0.00,
84 ,大安,虎眼一圳福興圳支線1號抽水井,B0960027,0.00,50.40,"22,176.00","20,160.00","19,152.00",0.00,"4,032.00",,,,,,"65,570.40",
85 ,大安,虎眼一圳頂破溪抽水井,B1120200,0.00,6.26,0.00,0.00,0.00,0.00,0.00,,,,,,6.26,
86 ,大安,虎眼二圳中庄圳支線抽水井,B1140035,0.00,16.56,"17,222.40","2,649.60","3,974.40",0.00,"2,649.60",,,,,,"26,512.56",
87 ,大安,虎眼一圳頭前溝抽水井,B1140034,0.00,"2,856.96","22,855.68","6,249.60","13,570.56",0.00,"2,856.96",,,,,,"48,389.76",
88 ,大安,虎眼一圳福興圳支線2號抽水井,B1140037,0.00,31.75,0.00,0.00,"7,620.48",0.00,0.00,,,,,,"7,652.23",
89 ,大安,虎眼二圳草湖圳支線抽水井,B1150057,0.00,0.00,0.00,0.00,"10,419.84",0.00,0.00,,,,,,"10,419.84",
90 ,大安,虎眼一圳後壁溝抽水井,B1150095,0.00,0.00,0.00,0.00,0.00,0.00,0.00,,,,,,0.00,
91 ,大安,虎眼一圳福興圳支線3號抽水井,B1150096,0.00,0.00,0.00,0.00,0.00,0.00,0.00,,,,,,0.00,
92 ,大南,新社圳抽水井,B0113848,84.60,84.60,84.60,84.60,84.60,84.60,84.60,,,,,,592.20,
93 ,大南,白冷圳馬力埔抽水井,B0130292,0.00,0.00,0.00,0.00,0.00,0.00,0.00,,,,,,0.00,
94 ,大南,白冷圳大南抽水井,B1050080,0.00,0.00,0.00,0.00,0.00,0.00,,,,,,,0.00,1150630屆期不再申請
95 ,八寶,太平一圳抽水井,B1060111,228.96,228.96,305.28,305.28,305.28,228.96,228.96,,,,,,"1,831.68",
96 ,八寶,潭子區興龍段279地號抽水井,B1130052,0.00 ,0.00 ,0.00 ,0.00 ,0.00 ,0.00 ,0.00 ,,,,,,0.00,
97 ,八寶,潭子區興龍段69地號抽水井,B1130145,0.00 ,0.00 ,0.00 ,0.00 ,0.00 ,0.00 ,2.00 ,,,,,,2.00,
98 ,八寶,潭子區豐興段1282地號抽水井,B1140177,0.00 ,0.00 ,0.00 ,0.00 ,0.00 ,0.00 ,0.00 ,,,,,,0.00,
99 ,八寶,豐原區南陽段175地號抽水井,B1150091,0.00,0.00,0.00,0.00,0.00,0.00,0.00,,,,,,0.00,
100 ,大雅,浮圳支線八輪抽水井,B1070161,0.00,0.00,"28,825.00","29,793.89","26,362.75",0.00,0.00,,,,,,"84,981.64",
101 ,大雅,中央支線九輪區抽水井,B1150066,0.00,0.00,0.00,0.00,0.00,0.00,0.00,,,,,,0.00,
102 ,大里,頭汴坑圳一號抽水井,B0130088,"35,568.00","27,360.00","38,304.00","34,200.00","32,832.00","30,096.00","35,568.00",,,,,,"233,928.00",
103 ,大里,頭汴坑圳二號抽水井,B0130087,"71,136.00","65,664.00","73,872.00","71,136.00","72,504.00","68,400.00","65,664.00",,,,,,"488,376.00",
104 ,王田,王田烏日區高學田抽水井,B1120069,"2,937.60","13,708.80","15,177.60","14,688.00","15,177.60","4,957.20","4,834.80",,,,,,"71,481.60",
105 ,王田,王田大肚區福德抽水井,B1130072,0.00,0.00,"9,072.00","13,608.00","9,374.40","9,072.00","9,374.40",,,,,,"50,500.80",
106 ,西屯,紅圳三角埤抽水井,B1120251,0.00,0.00,"56,376.00","20,250.00","20,574.00",0.00,0.00,,,,,,"97,200.00",
107 ,西屯,光復二號抽水井,B1150080,0.00,0.00,0.00,0.00,0.00,0.00,0.00,,,,,,0.00,
108 ,西屯,光復一號抽水井,B1150081,0.00,0.00,0.00,0.00,0.00,0.00,0.00,,,,,,0.00,
109 ,西屯,紅圳六角亭抽水井,B1150103,0.00,0.00,0.00,0.00,0.00,0.00,,,,,,,0.00,
110 ,沙鹿,沙鹿區鹿寮段1000-4地號抽水井,B1130271,0.00,0.00,"1,425.60",0.00,"7,776.00","6,480.00","4,665.60",,,,,,"20,347.20",
111 ,沙鹿,梧棲區忠孝段895地號抽水井,B1140143,"1,572.48",0.00,"3,931.20",0.00,"6,289.92","4,914.00","6,388.20",,,,,,"23,095.80",