臺中管理處地下水水權狀總表,,,,,,,,,,,,,,,,,,,,
編號,站別,名稱,水權狀號,核准,年限,灌溉面積(ha),引水地點,使用方法,引用水量(cms),每日用水時間(hr),年可引用水量(m³),水井深度(m),引水月份,水系,,,,cmd,,
1 ,卓蘭,苗豐抽水井,K0124239,1120808,1170807,7.108158,苗栗縣卓蘭鎮苗豐段277地號,,0.0169,16,"355,305.60",120,每月,大安溪,,,,973.44,,
2 ,山腳,泰田抽水井,K0086033,1110401,1160331,5.1547,苗栗縣苑裡鎮泰田段647-1地號,,0.0136,20,"357,408.00",120,每月,大安溪,,,,979.2,,
3 ,山腳,社柑抽水井,K0086034,1110401,1160331,13.81053,苗栗縣苑裡鎮社柑段1220-1地號,,0.042,20,"1,103,760.00",120,每月,大安溪,,,,3024,,
4 ,山腳,社南抽水井,K0123393,1111101,1161031,8.877913,苗栗縣苑裡鎮鎮安段23-1地號,,0.016,20,"420,480.00",75,每月,大安溪,,,,1152,,
5 ,山腳,濁一抽水井,K0123725,1110101,1151231,9.203787,苗栗縣苑裡鎮啟心段1248-1地號,,0.038,20,"998,640.00",156,每月,大安溪,,,,2736,,
6 ,山腳,啟心抽水井,K0123768,1121201,1171130,13.0317,苗栗縣苑裡鎮啟心段728地號,,0.03,20,"788,400.00",180,每月,大安溪,,,,2160,,
7 ,山腳,山柑一號抽水井,K1140087,1140811,1190810,9.616475,苗栗縣苑裡鎮火炎山段401地號,,0.035,20,"919,800.00",100,每月,大安溪,114年8月重新許可,,,2520,,
8 ,山腳,山柑二號抽水井,K0124362,1130711,1180710,9.796735,苗栗縣苑裡鎮社柑段2201-1地號,,0.035,20,"919,800.00",42,每月,大安溪,,,,2520,,
9 ,山腳,濁水二號抽水井,K1140122,1141011,1191010,6.279985,苗栗縣苑裡鎮火炎山段974-1地號,,0.023,20,"604,440.00",100,每月,大安溪,114年10月新增,,,1656,,
10 ,苑裡,新復一號抽水井,K0123688,1110101,1151231,20.77669,苗栗縣苑裡鎮新復東段702地號,,0.0613,20,"1,610,964.00",150,每月,大安溪,,,,4413.6,,
11 ,苑裡,新復二號抽水井,K0123786,1130201,1180131,9.373183,苗栗縣苑裡鎮新復東段277-1地號,,0.038,20,"998,640.00",96,每月,大安溪,,,,2736,,
12 ,苑裡,田心小組抽水井,K0123766,1121201,1171130,17.7692,苗栗縣苑裡鎮田中段620地號,,0.07,20,"1,839,600.00",84,每月,大安溪,,,,5040,,
13 ,苑裡,田心二號抽水井,K0124420,1140401,1190331,12.9296,苗栗縣苑裡鎮田中段1068地號,,0.0525,20,"1,379,700.00",126,每月,大安溪,,,,3780,,
14 ,苑裡,西勢支線抽水井,K0123779,1130201,1180131,4.3805,苗栗縣苑裡鎮西海段452地號,,0.0175,20,"459,900.00",150,每月,大安溪,,,,1260,,
15 ,苑裡,砂埤支線抽水井,K0124485,1140901,1190831,6.1158,苗栗縣苑裡鎮舊社段644-5地號,,0.025,20,"657,000.00",84,每月,大安溪,,,,1800,,
16 ,泰安,新店圳一號抽水井,B0130278,1120201,1170131,23.758244,臺中市后里區新店東段42地號,,0.076,20,"1,997,280.00",120,每月,大安溪,,,,5472,,
17 ,泰安,七公圳一號抽水井,B0130267,1120201,1170131,23.946354,臺中市后里區泰安段348地號,,0.076,20,"1,997,280.00",120,每月,大安溪,,,,5472,,
18 ,泰安,七公圳二號抽水井,B1040342,1140624,1190623,4.6187,臺中市后里區里城段1地號東側,,0.0482,8.15,"516,178.62",120,每月,大安溪,1140624，引水月份由2-4月修正為全年,,,1414.188,,
19 ,泰安,新店圳二號抽水井,B1140020,1140108,1190107,2.041091,臺中市后里區新店西段531-1地號,,0.032,4.6,"193,420.80",80,每月,大安溪,114年1月新增,,,529.92,,
20 ,泰安,新店圳三號抽水井,B1140033,1140120,1190119,2.335306,臺中市外埔區上土城段37-1地號,,0.028,6.5,"239,148.00",80,每月,大安溪,114年1月新增,,,655.2,,
21 ,屯子腳,內埔圳一號抽水井,B0970028,1120801,1170731,7.725775,臺中市后里區七星段50地號,,0.075,7,"689,850.00",150,每月,大甲溪,,,,1890,,
22 ,屯子腳,內埔圳二號抽水井,B0970027,1120801,1170731,6.240027,臺中市后里區平安段1221地號,,0.035,10,"459,900.00",120,每月,大甲溪,,,,1260,,
23 ,屯子腳,內埔圳二支線一號抽水井,B1070014,1120125,1170124,5.8769,臺中市后里區金社庄段324地號,,0.0286,7,"263,062.80",150,每月,大甲溪,,,,720.72,,
24 ,屯子腳,內埔圳二支線二號抽水井,B1100760,1101115,1151114,5.4643,臺中市后里區金城段516-2地號,,0.039,12,"614,952.00",138,每月,大甲溪,,,,1684.8,,
25 ,屯子腳,內埔圳梅仔腳溝支線水井,B1140111,1140513,1190512,3.432504,臺中市后里區枋寮段1014-0000號,,0.07,4,"367,920.00",100,每月,大甲溪,1140512新增,,,1008,,
26 ,磁瑤,后里圳一號抽水井,B0112603,1131031,1181030,9.0875,臺中市外埔區頂竹圍段104地號,,0.023,20,"604,440.00",150,每月,大安溪,,,,1656,,
27 ,磁瑤,后里圳三號抽水井,B0930053,1131216,1181215,2.2667,臺中市外埔區下鐵山段862地號,,0.016,12,"252,288.00",180,每月,大安溪,,,,691.2,,
28 ,磁瑤,后里圳四號抽水井,B0950059,1100901,1150831,0.4965,臺中市外埔區上鐵山段137地號,,0.0053,8,"55,713.60",121,每月,大安溪,,,,152.64,,
29 ,磁瑤,后里圳七支線二號抽水井,B1070109,1120622,1170621,1.910968,臺中市外埔區永吉段1182地號,,0.016,8.5,"178,704.00",150,每月,大安溪,,,,489.6,,
30 ,磁瑤,后里圳六支線一號抽水井,B1080127,1130721,1180720,4.1153,臺中市外埔區三崁段366地號,,0.028,10.5,"386,316.00",150,每月,大安溪,,,,1058.4,,
31 ,磁瑤,后里圳七支線一號抽水井,B1100779,1101201,1151130,2.187488,臺中市外埔區新六分段564地號,,0.008,20,"210,240.00",150,每月,大安溪,,,,576,,
32 ,磁瑤,后里圳二號抽水井,B1140109,1140513,1190512,1.785797,臺中市外埔區頂竹圍段0105-0000地號,,0.0116,0.5,"7,621.20",150,每月,大安溪,1140515新增,,,20.88,,
33 ,磁瑤,后里圳七支線三號抽水井,B1140110,1140513,1190512,0.835569,臺中市外埔區新磁瑤段0138-0000地號,,0.0162,1.5,"31,930.20",130,每月,大安溪,1140515新增,,,87.48,,0.4957
34 ,月眉,后里圳幹線抽水井,B1090023,1140301,1190228,3.121956,臺中市后里區四月段264地號,,0.033,7,"303,534.00",150,每月,大安溪,,,,831.6,,0.1241
35 ,月眉,月眉站舊辦公廳地下水抽水井,B0130304,1120301,1170229,0.5,臺中市后里區后寶段792地號,,0.009,10,"118,260.00",91,每月,大安溪,,,,324,,
36 ,月眉,后里圳月眉排水補給抽水井,B1070176,1120921,1170920,4.7724,臺中市后里區四塊厝段350地號,,0.034,6.5,"290,394.00",150,每月,大安溪,,,,795.6,,
37 ,月眉,后里圳三支線上游補給抽水井,B1060117,1111023,1161022,5.060208,臺中市后里區眉山西段279地號,,0.036,12,"567,648.00",150,每月,大安溪,,,,1555.2,,
38 ,月眉,后里圳三支線中游補給抽水井,B1040345,1140702,1190701,8.365843,臺中市后里區四塊庄段401地號,,0.033,16,"693,792.00",150,每月,大安溪,,,,1900.8,,
39 ,月眉,后里圳三支線中游二號抽水井,B1100675,1150920,1200919,2.465661,臺中市后里區四月段433地號,機械動力抽汲地下水，設水井管徑400公厘鋼管水井1座及出水管徑150公厘、55匹馬力沉水式電動抽水機1台,0.0344,6,"271,209.60",138,每月,大安溪,,,,743.04,,
40 ,月眉,后里圳三支線下游補給抽水井,B1030025,1130331,1180330,9.224496,臺中市后里區口庄段162地號,,0.032,13,"546,624.00",150,每月,大安溪,,,,1497.6,,
41 ,月眉,后里圳三支線下游二號抽水井,B1090151,1141023,1191022,3.0739,臺中市后里區口庄段162地號,,0.0277,6.7,"243,865.26",150,每月,大安溪,,,,668.124,,
42 ,月眉,后里圳四支線中下游抽水井,B1050164,1110110,1160109,6.537497,臺中市外埔區三崁段50地號,,0.0282,17,"629,931.60",150,每月,大安溪,,,,1725.84,,
43 ,月眉,后里圳五支線補給抽水井,B1080096,1130523,1180522,8.334606,臺中市外埔區三崁段279地號,,0.0359,13,"613,243.80",150,每月,大安溪,,,,1680.12,,
44 ,月眉,后里圳五支線中下游抽水井,B1050034,1150510,1200509,5.052352,臺中市外埔區三崁段279-2地號,,0.0243,5.2,"166,037.04",150,每月,大安溪,,,,454.896,,
45 ,月眉,后里圳五支線下游抽水井,B1090135,1140925,1190924,7.638331,臺中市外埔區三崁段279-2地號,,0.037,12,"583,416.00",150,每月,大安溪,,,,1598.4,,
46 ,月眉,后里圳五支線之一上游補給抽水井,B1070175,1120925,1170924,3.711285,臺中市外埔區二崁段1-2地號,,0.0263,6.5,"224,628.30",150,每月,大安溪,,,,615.42,,
47 ,月眉,后里圳五支線之一下游補給抽水井,B1030009,1130307,1180306,1.556702,臺中市外埔區水美南段1069地號,,0.034,3,"134,028.00",150,每月,大安溪,,,,367.2,,
48 ,月眉,后里圳五支線之一延長線補給抽水井,B1060151,1111211,1161210,2.943065,臺中市外埔區水美西段85地號,,0.0123,11,"177,784.20",150,每月,大安溪,,,,487.08,,
49 ,月眉,后里圳五支線之一延長線上游抽水井,B1100662,1150825,1200824,3.219733,臺中市外埔區水美南段1069地號,機械動力抽汲地下水，設水井管徑406.4公厘鋼管水井1座及出水管徑152.4公厘、45匹馬力沉水式電動抽水機1台,0.025,11,"361,350.00",138,每月,大安溪,,,,990,,
50 ,月眉,后里圳五支線之一延長線下游抽水井,B1090031,1140304,1190303,1.783023,臺中市外埔區水美東段686地號,,0.0336,3,"132,451.20",150,每月,大安溪,,,,362.88,,
51 ,日南,日南站一號抽水井-日南圳,B0115482,1141001,1190930,11.371539,臺中市大甲區日新段69-52地號,,0.064,15,"1,261,440.00",15,每月,大安溪,,,,3456,,
52 ,日南,日南站二號抽水井-日南圳,B0110761,1130916,1180915,9.935129,臺中市大甲區新興段186地號,,0.08,10.5,"635,040.00",15,2-5月、7-9月,大安溪,,,,3024,,
53 ,日南,日南站三號抽水井(深水井)-日南圳,B0990027,1130101,1171231,12.861636,臺中市大甲區日新段551-1地號,,0.035,20,"919,800.00",150,每月,大安溪,,,,2520,,
54 ,日南,日南站三號抽水井(淺水井)-日南圳,B0120538,1120101,1161231,9.780269,臺中市大甲區日新段551-1地號,,0.083,10,"1,090,620.00",9,每月,大安溪,,,,2988,,
55 ,日南,日南站四號抽水井-日南圳,B0115526,1130101,1171231,16.245999,臺中市大甲區日新段6-302地號,,0.085,15,"963,900.00",11.2,2-5月、7-9月,大安溪,,,,4590,,
56 ,日南,日南站五號抽水井-日南圳,B1020065,1120801,1170731,7.718237,臺中市大甲區日新段6-627地號,,0.0378,15,"745,038.00",90,每月,大安溪,,,,2041.2,,
57 ,日南,日南站六號抽水井(深水井)-日南圳,B1000076,1101201,1151130,7.879466,臺中市大甲區日新段551-2地號,,0.034,20,"893,520.00",150,每月,大安溪,,,,2448,,
58 ,日南,日南站六號抽水井(淺水井)-日南圳,B0117179,1100802,1150801,7.300767,臺中市大甲區日新段551-2地號,,0.08,8,"840,960.00",12.8,每月,大安溪,,,,2304,,
59 ,日南,日南站六股排水抽水井-日南圳,B1080051,1130101,1171231,3.422651,臺中市大甲區新興段14-31地號,,0.022,12,"346,896.00",50,每月,大安溪,,,,950.4,,
60 ,日南,日南站七號抽水井-九張犁圳,B0108729,1121201,1171130,13.7194,臺中市大甲區九張犁段九張犁小段499-32地號,,0.064,16,"995,328.00",120,2-10月,大安溪,,,,3686.4,,
61 ,日南,日南站八號抽水井-日南圳,B1050044,1130101,1171231,4.3873,臺中市大甲區日南段741-43地號,,0.036,10,"473,040.00",150,每月,大安溪,1月、12月每月引水日數為10日,,,1296,,
62 ,日南,日南站九號抽水井-九張犁圳,B1070150,1120810,1170809,5.878,臺中市大甲區九張犁段九張犁小段834-3地號,,0.0336,14,"618,105.60",150,每月,大安溪,,,,1693.44,,
63 ,日南,日南站十號抽水井-九張犁圳,B1080171,1130101,1171231,9.0677,臺中市大甲區五里牌段378-2地號,,0.057,12,"898,776.00",108,每月,大安溪,,,,2462.4,,
64 ,日南,日南站十一號抽水井-九張犁圳,B1090136,1130101,1171231,3.3826,臺中市大甲區九張犁段九張犁小段311-10地號,,0.021,12,"331,128.00",150,每月,大安溪,,,,907.2,,
65 ,日南,日南站十二號抽水井-日南圳,B1100047,1130101,1171231,4.701364,臺中市大甲區黎明段803地號,,0.019,19,"474,354.00",132,每月,大安溪,,,,1299.6,,
66 ,日南,日南站十三號抽水井-九張犁圳,B1100087,1130101,1171231,6.189,臺中市大甲區五里牌段356-1地號,,0.037,13,"632,034.00",132,每月,大安溪,,,,1731.6,,
67 ,日南,日南站十四號抽水井-九張犁圳,B1120077,1120501,1170430,4.8347,臺中市大甲區雙寮段753地號,,0.039,10.5,"538,083.00",60,每月,大安溪,,,,1474.2,,
68 ,日南,日南站十五號抽水井-日南圳,B1130014,1130118,1180117,1.266956,臺中市大甲區南社段269-33地號,,0.022,4.5,"130,086.00",60,每月,大安溪,,,,356.4,,
69 ,日南,日南站十六號抽水井-九張犁圳,B1130251,1130919,1180918,2.4946,臺中市大甲區九張犁段九張犁小段461-2地號,,0.032,6.2,"260,697.60",80,每月,大安溪,,,,714.24,,
70 ,日南,日南站十七號抽水井-日南圳,B1130250,1130919,1180918,1.379299,臺中市大甲區南社段451-1地號,,0.035,3,"137,970.00",80,每月,大安溪,,,,378,,
71 ,日南,日南站十八號抽水井-九張犁圳,B1140139,1140702,1190701,3.852141,臺中市大甲區建興段845地號,,0.0463,6.5,"395,448.30",60,每月,大安溪,114年7月新增,,,1083.42,,
72 ,大甲,頂店圳一號抽水井,B0118814,1101001,1150930,4.2777,臺中市大甲區甲嘉段541地號,,0.036,10,"473,040.00",100,每月,大安溪,,,,1296,,
73 ,大甲,頂店圳二號抽水井,B0117178,1150802,1200801,4.3625,臺中市大甲區甲惠段577地號,,0.036,10,"473,040.00",100,每月,大安溪,,,,1296,,
74 ,大甲,頂店圳三號抽水井,B0970046,1121231,1171230,9.023439,臺中市大甲區甲嘉段567地號,,0.036,24,"1,135,296.00",120,每月,大安溪,,,,3110.4,,
75 ,大甲,頂店圳四號抽水井,B0990021,1131201,1181130,2.4973,臺中市大甲區甲嘉段562地號,,0.0174,12,"274,363.20",150,每月,大安溪,,,,751.68,,
76 ,大甲,頂店圳五號抽水井,B1020099,1121016,1171015,12.7186,臺中市大甲區甲農段640地號,,0.054,20,"1,419,120.00",108,每月,大安溪,,,,3888,,
77 ,大甲,頂店圳六號抽水井,B1020119,1121021,1171020,9.3507,臺中市大安區安實段577地號,,0.043,18,"1,017,036.00",108,每月,大安溪,,,,2786.4,,
78 ,大甲,頂店圳七號抽水井,B1020100,1121016,1171015,11.1968,臺中市大甲區甲嘉段541地號,,0.04,20,"1,051,200.00",150,每月,大安溪,,,,2880,,
79 ,大甲,頂店圳八號抽水井,B1090091,1140625,1190624,4.1506,臺中市大甲區甲全段632地號,,0.0434,8,"456,220.80",120,每月,大安溪,,,,1249.92,,
80 ,大甲,頂店圳九號抽水井,B1120003,1120109,1170108,4.9521,臺中市大安區三十甲段19-8地號,,0.053,8,"557,136.00",120,每月,大安溪,,,,1526.4,,
81 ,大甲,頂店圳十號抽水井,B1150050,1150427,1200426,3.474588,臺中市大甲區甲全段645地號,,0.035,8,"367,920.00",102,每月,大安溪,115年4月新增,,,,,
82 ,大甲,頂店圳十一號抽水井,B1150051,1150427,1200426,4.0987,臺中市大甲區甲民段463地號,,0.035,10,"459,900.00",102,每月,大安溪,115年4月新增,,,,,
83 ,大甲,頂店圳十二號抽水井,B1150052,1150427,1200426,2.9141,臺中市大安區安行段882地號,,0.035,7,"321,930.00",102,每月,大安溪,115年4月新增,,,,,
84 ,大安,虎眼一圳福興圳支線1號抽水井,B0960027,1110701,1160630,7.1557,臺中市大甲區文曲段472-1地號,,0.07,8,"735,840.00",120,每月,大甲溪,,,,2016,,
85 ,大安,虎眼一圳頂破溪抽水井,B1120200,1120921,1170920,1.594498,臺中市外埔區水美西段344-1地號,,0.0087,14,"160,045.20",100,每月,大甲溪,,,,438.48,,
86 ,大安,虎眼二圳中庄圳支線抽水井,B1140035,1140121,1190120,0.825834,臺中市大安區南勢厝段1地號,,0.046,2.5,"151,110.00",100,每月,大甲溪,114年1月新增,,,414,,
87 ,大安,虎眼一圳頭前溝抽水井,B1140034,1140121,1190120,1.236639,臺中市大安區新三塊厝段4地號,,0.0496,3.5,"228,110.40",100,每月,大甲溪,114年1月新增,,,624.96,,
88 ,大安,虎眼一圳福興圳支線2號抽水井,B1140037,1140123,1190122,1.053895,臺中市大甲區文安段73地號,,0.0441,2,"115,894.80",120,每月,大甲溪,114年1月新增,,,317.52,,
89 ,大安,虎眼二圳草湖圳支線抽水井,B1150057,1150505,1200504,1.211932,臺中市大安區東安段638地號,,0.0402,4.1,"216,573.48",60,每月,大甲溪,115年5月新增,,,,,
90 ,大安,虎眼一圳後壁溝抽水井,B1150095,1150629,1200628,1.55584,臺中市大安區福東段11地號,,0.05,4.2,"275,940.00",100,每月,大甲溪,115年7月新增,,,,,
91 ,大安,虎眼一圳福興圳支線3號抽水井,B1150096,1150629,1200628,1.553411,臺中市大甲區文曲段333地號,,0.044,4.8,"277,516.80",100,每月,大甲溪,115年7月新增,,,,,
92 ,大南,新社圳抽水井,B0113848,1130701,1180630,30.619324,臺中市新社區神木段544地號,,0.047,20,"1,235,160.00",100,每月,大甲溪,,,,3384,,
93 ,大南,白冷圳馬力埔抽水井,B0130292,1111201,1161130,26.1186,臺中市新社區協中段354地號,,0.04,20,"1,051,200.00",100,每月,大甲溪,,,,2880,,
94 ,大南,白冷圳大南抽水井,B1050080,1100701,1150630,31.6568,臺中市新社區大南段大南小段127-50地號,,0.04,24,"1,261,440.00",100,每月,大甲溪,屆期不再申請,,,3456,,
95 ,八寶,太平一圳抽水井,B1060111,1111013,1161012,1.486852,臺中市北屯區大觀段405-1地號,,0.0106,3,"41,785.20",150,每月,烏溪,,,,114.48,,
96 ,八寶,潭子區興龍段279地號抽水井,B1130052,1130220,1180219,0.441783,臺中市潭子區興龍段279地號,,0.0016,24,"50,457.60",300,每月,擴大灌溉服務,農會報,,,138.24,,
97 ,八寶,潭子區興龍段69地號抽水井,B1130145,1130430,1180429,1.348876,臺中市潭子區興龍段69地號,,0.0016,22,"46,252.80",350,每月,擴大灌溉服務,農會報,,,126.72,,
98 ,八寶,潭子區豐興段1282地號抽水井,B1140177,1140819,1190818,0.150032,臺中市潭子區豐興段1282地號,,0.0017,17,"37,974.60",264,每月,擴大灌溉服務,農會報,,,104.04,,
99 ,八寶,豐原區南陽段175地號抽水井,B1150091,1150624,1180623,2.590777,臺中市豐原區南陽段175地號,機械動力抽汲地下水，設水井管徑400公厘鋼管水井1座及出水管徑150公厘、45匹馬力沉水式電動抽水機1台,0.026,12,"409,968.00",138,每月,大甲溪,115年6月新增,,,,,
100 ,大雅,浮圳支線八輪抽水井,B1070161,1120821,1170820,14.180836,臺中市神岡區圳北段867地號,,0.0473,20,"1,243,044.00",150,每月,大甲溪,,,,3405.6,,
101 ,大雅,中央支線九輪區抽水井,B1150066,1150520,1200519,4.77277,臺中市大雅區六雅段1870地號,,0.045,9,"532,170.00",120,每月,大甲溪,115年5月新增,,,,,
102 ,大里,頭汴坑圳一號抽水井,B0130088,1140616,1190615,9.678611,臺中市太平區信平段53地號,,0.038,20,"998,640.00",120,每月,烏溪,,,,2736,,
103 ,大里,頭汴坑圳二號抽水井,B0130087,1140616,1190615,10.999425,臺中市太平區愛平段302地號,,0.038,20,"998,640.00",120,每月,烏溪,,,,2736,,
104 ,王田,王田烏日區高學田抽水井,B1120069,1120425,1170424,0.726075,臺中市烏日區高學田段307地號,,0.017,10,"223,380.00",68,每月,烏溪,,,,612,,
105 ,王田,王田大肚區福德抽水井,B1130072,1130304,1180303,1.730867,臺中市大肚區福德段1地號,,0.021,8,"220,752.00",126,每月,烏溪,,,,604.8,,
106 ,西屯,紅圳三角埤抽水井,B1120251,1121020,1171019,0.69687,臺中市大雅區自立段303-54地號,,0.045,3,"177,390.00",120,每月,大甲溪,,,,486,,
107 ,西屯,光復二號抽水井,B1150080,1150605,1200604,3.963164,臺中市大雅區山德段1203地號,,0.045,6.6,"390,258.00",120,每月,大甲溪,115年6月新增,,,,,
108 ,西屯,光復一號抽水井,B1150081,1150605,1200604,1.655864,臺中市大雅區中和段49地號,,0.045,3,"177,390.00",120,每月,大甲溪,115年6月新增,,,,,
109 ,西屯,紅圳六角亭抽水井,B1150103,1150715,1200714,5.471844,臺中市大雅區科雅段429-4地號,機械動力抽汲地下水，設水井管徑500公厘鋼管水井1座及出水管徑200公厘、50匹馬力沉水式電動抽水機1台,0.045,10,"591,300.00",120,每月,大甲溪,115年7月新增,,,,,
110 ,沙鹿,沙鹿區鹿寮段1000-4地號抽水井,B1130271,1131014,1181013,4.3477,臺中市沙鹿區鹿寮段1000-4地號,,0.036,14,"662,256.00",120,每月,大甲溪,,,,1814.4,,
111 ,沙鹿,梧棲區忠孝段895地號抽水井,B1140143,1140707,1190706,2.4466,臺中市梧棲區忠孝段895地號,,0.0273,7.5,"269,041.50",129,每月,大甲溪,114年7月新增,,,737.1,,
,,,,,,731.668336,,,,,,,,,,,,,,
,,,,,,,,,,,,,,,,,,,,
,,,,,,,,,,,,,,,,,,,,
,,,,,,,,,,,,,,,,,,,,
,,,,,,,,,,,,,,,,,,,,
,,,,,,,,,,,,, ,,,,,,,